Title,URL,Categories
"What is an Extension of Time Claim (EOT)? Understanding delays in Construction Projects",https://constructionfront.com/what-is-an-extension-of-time-claim/,"Claims &amp; Contract Administration, Knowledge Hub"
"Webuild in consortium with Pizzarotti and Ghella wins two rail contracts worth more than €3.7 bln in Southern Italy",https://constructionfront.com/webuild-consortium-wins-rail-contract-in-southern-italy/,News
Home,https://constructionfront.com/,
"UGL wins 35 MW battery for Alinta Energy in Australia",https://constructionfront.com/ugl-wins-35-mw-battery-for-alinta-energy-in-australia/,News
"What are the existing Delay Analysis Methods? (And When To Use Each)",https://constructionfront.com/delay-analysis-methods/,"Claims &amp; Contract Administration, Knowledge Hub"
Resources,https://constructionfront.com/courses/,
"About us",https://constructionfront.com/about-us/,
"Contact Us",https://constructionfront.com/contact-us/,
"Are Concrete Expansion Joints necessary? (How to Correctly Use Them)",https://constructionfront.com/are-concrete-expansion-joints-necessary/,Engineering
"Vinci Immobilier appoints new President",https://constructionfront.com/2023-06-26-vinci-immobilier-appoints-new-president/,News
"What is a Cold Joint in Concrete? (And How to Fix them!)",https://constructionfront.com/concrete-cold-joint/,Engineering
"Affiliate Disclosure",https://constructionfront.com/affiliate-disclosure/,
"Hyundai E&C awarded multi-billion dollar contracts for refinery in KSA",https://constructionfront.com/2023-06-27-hyundai-ec-awarded-multi-billion-dollar-contracts-for-refinery-in-ksa/,News
"What are Dowels in Concrete? (And Why You Need them)",https://constructionfront.com/what-are-dowels-in-concrete/,Engineering
"Skanska signs a contract for the John F. Kennedy International Airport Central Terminal Area Roadways",https://constructionfront.com/2023-06-28-skanska-signs-a-contract-for-ny-airport/,News
"Jacobs enters into an EPA Agreement with Fortescue Group (FFI) to support group&#8217;s zero-carbon initiative",https://constructionfront.com/2023-06-29-jacobs-enters-into-an-epa-agreement-with-fortescue-group-ffi/,News
"What is an Early Warning Notice? (And How To Effectively Use them)",https://constructionfront.com/what-is-an-early-warning-notice/,"Claims &amp; Contract Administration, Knowledge Hub"
"Two Consortia shortlisted to Deliver Melton Hospital PPP in Australia",https://constructionfront.com/2023-06-30-two-consortia-shortlisted-to-deliver-melton-hospital-ppp-in-australia/,"News, Uncategorized"
"What is a Keyway Joint in Concrete? (and When to use Them)",https://constructionfront.com/keyway-concrete/,Engineering
"Engie wins Transmission Line Concessions in Brazil",https://constructionfront.com/2023-07-03-engie-wins-transmission-line-concession-in-brazil/,News
"Vestas secures 59 MW order for Wind Farm Project in USA",https://constructionfront.com/2023-07-04-vestas-secures-59-mw-order-for-wind-farm-project-in-usa/,News
"Variation Order (VO) in Construction: Templates, Examples and Process",https://constructionfront.com/what-is-a-variation-order/,"Claims &amp; Contract Administration, Knowledge Hub"
"Lendlease appoints new CEO in European Branch",https://constructionfront.com/2023-07-04-lendlease-appoints-new-ceo-in-european-branch/,News
"What is a Concrete Curing Blanket? (And When/Why to Use them?)",https://constructionfront.com/concrete-curing-blanket/,Engineering
"JV with Skanska signs a £153 million contract in the defence sector in the UK",https://constructionfront.com/2023-07-08-skanska-signs-a-154-million-contract-in-the-defence-sector-in-the-uk/,News
"Are Heated Concrete Blankets Effective? (Read this&#8230;)",https://constructionfront.com/are-heated-concrete-blankets-effective/,Engineering
"Egis to Provide to provide Project Management Consultancy for Kuwait Airways Tower Project",https://constructionfront.com/2023-07-10-egis-to-provide-to-provide-project-management-consultancy-for-kuwait-airways-tower-project/,News
"What is a Variation Request? (And How to Submit one!)",https://constructionfront.com/variation-request/,"Claims &amp; Contract Administration, Knowledge Hub"
"CIP raises almost €6B in its new Renewable Energy Fund",https://constructionfront.com/2023-07-13-cip-raises-almost-6b-in-its-funds-for-renewable-energy-projects/,News
"Leighton Asia awarded $299M AUD Railway Contract in Philippines",https://constructionfront.com/2023-07-14-leighton-asia-awarded-railway-contract-in-philippines/,News
"What is the Window  Analysis Method? (And When to Use It)",https://constructionfront.com/window-analysis-method/,"Claims &amp; Contract Administration, Knowledge Hub"
"HOCHTIEF wins major PPP in Germany",https://constructionfront.com/2023-07-17-hochtief-wins-major-ppp-in-germany/,News
"Street Lighting PPP awarded in Brazil",https://constructionfront.com/street-lighting-ppp-awarded-in-brazil/,News
"What is a Time Bar Clause? (And Why it is so Important!)",https://constructionfront.com/time-bar-clause/,"Claims &amp; Contract Administration, Knowledge Hub"
"DIF Capital Partners Leads €250 Million Funding Round Expand Optical Fibre Rollout in Finland",https://constructionfront.com/2023-07-20-dif-capital-partners-leads-250-million-funding-round-for-valoo-to-expand-optical-fibre-rollout-in-finland/,News
"Fluor Team Secures DOE Contract for Portsmouth Gaseous Diffusion Plant Decontamination and Decommissioning",https://constructionfront.com/2023-07-22-fluor-team-secures-doe-contract-for-portsmouth-gaseous-diffusion-plant-decontamination-and-decommissioning/,News
"What is a Liquid Waterproofing Membrane? (And When to Use Them!)",https://constructionfront.com/liquid-waterproofing-membrane/,Engineering
"Plenary appointed as the preferred bidder for the Geelong Convention Centre PPP in Australia",https://constructionfront.com/2023-07-24-plenary-is-the-successful-bidder-for-the-geelong-convention-centre-ppp-in-australia/,News
"Acciona wins wastewater treatment plant (WWTP) contract in Spain.",https://constructionfront.com/2023-07-25-acciona-wins-wastewater-treatment-plant-wwtp-contract-in-spain/,News
"Another TBM breakthrough for Sydney Metro Project in Australia",https://constructionfront.com/2023-07-25-tbm-breakthrough-western-sydney-airport-sydney-metro/,"News, Uncategorized"
"DIF invests £200m in battery developer and operator in the UK",https://constructionfront.com/2023-07-26-dif-invests-200m-in-field-battery-developer-and-operator-in-the-uk/,News
"Plenary-Acciona-Sacyr JV wins Bridge Concession Contract in Louisiana (US)",https://constructionfront.com/2023-07-27-plenary-acciona-sacyr-jv-wins-bridge-concession-contract-in-louisiana-us/,News
"Acciona Energia starts the construction of a 280MW Windfarm in Canada",https://constructionfront.com/2023-07-28-acciona-energia-to-build-280mw-windfarm-in-canada/,News
"Webuild Group Signs €1.82 Billion Contract to Modernize Northern Italy&#8217;s Rail Corridor",https://constructionfront.com/2023-07-31-webuild-group-signs-1-82b-euro-contract-for-verona-to-padua-speed-rail-corridor/,"News, Uncategorized"
"Can you Speed Up Concrete Curing? (How to Correctly do it!)",https://constructionfront.com/can-you-speed-up-concrete-curing/,Engineering
"Joint Venture led by Fluor Selected as Contractor for I-35 NEX South Project in Texas (USA)",https://constructionfront.com/2023-08-01-joint-venture-led-by-fluor-selected-as-contractor-for-i-35-nex-south-project-in-texas-usa/,News
"Neoen awards contract extension for 270 MW Battery to UGL-Tesla JV in Australia",https://constructionfront.com/2023-08-02-neoen-awards-contract-extension-for-270-mw-battery-to-ugl-tesla-jv-in-australia/,"News, Uncategorized"
"AECOM Selected to Lead Seattle-Tacoma International Airport&#8217;s S Concourse Upgrade in Seattle (USA)",https://constructionfront.com/2023-08-04-aecom-selected-to-lead-seattle-tacoma-international-airports-s-concourse-upgrade/,News
"Lane (Webuild) Wins $102 Million Contract for I-4 and Apopka–Vineland Road Interchange Revamp",https://constructionfront.com/2023-08-04-lane-webuild-wins-102-million-contract-for-i-4-and-apopkavineland-road-interchange-revamp/,News
"Is Concrete Curing the same as Concrete Drying? (The difference is&#8230;)",https://constructionfront.com/concrete-curing-vs-concrete-dryring/,"Engineering, Uncategorized"
"Infrastructure Ontario selects EllisDon as the preferred bidder for Pediatric Health Complex in Ottawa",https://constructionfront.com/2023-08-07-infrastructure-ontario-selects-ellisdon-as-the-preferred-bidder-for-pediatric-health-complex-in-ottawa/,News
"Walsh-Kokosing JV awarded $3.6B Design-Build contract for the Brent Spence Corridor Project",https://constructionfront.com/2023-08-08-walsh-kokosing-jv-awarded-3-6b-desing-build-contract-for-the-brent-spence-corridor-project/,News
"What is a Latent Condition in Construction? (Examples & Tips)",https://constructionfront.com/latent-conditions-in-construction/,"Claims &amp; Contract Administration, Knowledge Hub"
"CPB Contractors appointed as Managing Contractor for the new Bundaberg Hospital in Queensland (Australia)",https://constructionfront.com/2023-08-10-cpb-contractors-appointed-as-managing-contractor-for-the-new-bundaberg-hospital-in-queensland-australia/,"News, Uncategorized"
"Balfour Beatty as the preferred bidder by SSEN for Pathway to 2030 Program",https://constructionfront.com/2023-08-11-balfour-beatty-as-the-preferred-bidder-by-ssen-for-pathway-to-2030-program/,News
"Management Contracting in Construction: How the Model Works",https://constructionfront.com/managing-contractors/,"Knowledge Hub, Procurement and Contract Models"
"Jacobs appointed by IEUA to manage water supply program in the Chino Basin in California",https://constructionfront.com/2023-08-15-jacobs-appointed-by-ieua-to-manage-water-supply-program-in-the-chino-basin-in-california/,News
"Vestas secures 140MW Wind Turbine order from Capital Power in Canada",https://constructionfront.com/2023-08-16-vestas-secures-140mw-wind-turbine-order-from-capital-power-in-canada/,News
"SNC-Lavalin awarded contract to design and build EV Battery Plant in Quebec (Canada)",https://constructionfront.com/2023-08-18-snc-lavalin-awarded-contract-to-design-and-build-ev-battery-plant-in-quebec-canada/,News
"Managing Contracting vs Construction Manager &#8211; Key Differences & Tips",https://constructionfront.com/managing-contractor-vs-construction-manager/,"Knowledge Hub, Procurement and Contract Models"
"Tennesse Titans awards Construction Manager Contract to JV with Turner",https://constructionfront.com/2023-08-21-tennesse-titans-awards-construction-manager-contract-to-jv-with-turner/,News
"NSIT Sewer Tunnel $215m Contract awarded to Granite in Ohio",https://constructionfront.com/2023-08-24-nsit-sewer-tunnel-215m-contract-awarded-to-granite-in-ohio/,News
"Are Time Bars enforceable in Construction Contracts?",https://constructionfront.com/are-time-bars-enforceable-in-construction-contracts/,"Claims &amp; Contract Administration, Knowledge Hub"
"Mortenson-McCarthy JV will be the Construction Managers for the New Oakland Athletics Ballpark in Las Vegas",https://constructionfront.com/2023-08-28-mortenson-mccarthy-jv-will-be-the-construction-manager-for-the-new-oakland-athletics-ballpark-in-las-vegas/,News
"Laing O&#8217;Rourke-Kier-Wates JV to deliver prison facilities in the UK",https://constructionfront.com/2023-08-31-laing-orourke-kier-wates-jv-to-deliver-prison-facilities-in-the-uk/,News
"What is an Alliance Contract? (Pros, Cons & Examples)",https://constructionfront.com/alliance-contract/,"Knowledge Hub, Procurement and Contract Models"
"CPB-Ghella-Acciona JV to deliver Suburban Rail Loop in Melbourne (Australia)",https://constructionfront.com/2023-09-05-cpb-ghella-acciona-jv-to-deliver-suburban-rail-loop-in-melbourne-australia/,News
"CVC Capital acquires the Dutch Infrastructure Fund (DIF)",https://constructionfront.com/2023-09-06-cvc-capital-acquires-the-dutch-infrastructure-fund-dif/,News
"Vinci awarded contract to deliver LNG Tank for GATE Terminal in the Netherlands",https://constructionfront.com/2023-09-20-vinci-awarded-contract-to-deliver-lng-tank-for-gate-terminal-in-the-netherlands/,News
"Igneo acquires majority Equity Interest in the US-based renewable energy developer Soltage",https://constructionfront.com/2023-09-21-igneo-acquires-majority-equity-interest-in-soltage/,News
"How to Repair a Cold Joint in Concrete? (Effectively!)",https://constructionfront.com/concrete-cold-joint-repair/,Engineering
"Westinghouse and Bechtel sign a JV agreement to deliver the First Nuclear Plant in Poland",https://constructionfront.com/2023-09-26-westinghouse-and-bechtel-sign-a-jv-agreement-to-deliver-first-nuclear-plant-in-poland/,News
"AECOM to provide program management services for the Norfolk&#8217;s Coast Storm Risk Management Program in Virginia",https://constructionfront.com/2023-09-28-aecom-to-provide-program-management-services-for-the-norfolks-coast-storm-risk-management-program-in-virginia/,News
"ECI Contract (Early Contractor Involvement): Phases, Process and Benefits",https://constructionfront.com/eci-contract/,"Knowledge Hub, Procurement and Contract Models"
"HOCHTIEF and EWE Go JV to deliver part of the EV charging network in Germany",https://constructionfront.com/2023-10-04-hochtief-and-ewe-go-jv-to-deliver-part-of-the-ev-charging-network-in-germany/,News
"CPB Contractors selected for upgrades in two RAAF Bases in Western Australia",https://constructionfront.com/2023-10-04-cpb-contractors-selected-for-upgrades-in-two-raaf-bases-in-western-australia/,News
"Patent vs Latent Defects – What is the Difference?",https://constructionfront.com/patent-defect-vs-latent-defect/,"Claims &amp; Contract Administration, Knowledge Hub"
"Fluor secures 5-year contract extension with the National Nuclear Security Administration in the US",https://constructionfront.com/2023-10-10-fluor-secures-5-year-contract-extension-with-the-national-nuclear-security-administration-in-the-us/,News
"EPC Contract: What It Is, How It Works and Key Risks",https://constructionfront.com/epc-contract/,"Knowledge Hub, Procurement and Contract Models"
"Seattle-Tacoma International Airport (SEA) awards $399M contract to Turner for C Concourse Expansion",https://constructionfront.com/2023-10-15-sea-airport-sea-awards-399m-contract-to-turner-for-c-concourse-expansion/,News
"Infrastructure Ontario closes RFP for Ottawa Hospital PPP – The Civic Campus Redevelopment Project",https://constructionfront.com/2023-10-16-infrastructure-ontario-closes-rfp-for-ottawa-hospital-ppp-the-civic-campus-redevelopment-project/,News
"Engie and Posco sign an agreement for a green hydrogen plant feasibility study in Western Australia",https://constructionfront.com/2023-10-18-engie-and-posco-sign-an-agreement-for-a-green-hydrogen-plant-feasibility-study-in-western-australia/,News
"CIP reaches financial close of two news funds for investment in renewable assets",https://constructionfront.com/2023-10-18-cip-reaches-financial-close-of-two-news-funds-for-investment-in-renewable-assets/,News
"Estoppel in Construction Contracts: How do they work?",https://constructionfront.com/estoppel-in-construction/,"Claims &amp; Contract Administration, Knowledge Hub"
"Australia starts consultation process for new offshore wind development area in Tasmania",https://constructionfront.com/2023-10-24-australia-starts-consultation-process-for-offshore-wind-development-area-in-tasmania/,"News, Uncategorized"
"Flatiron-Fred Smith JV to deliver roadway improvements for US Golf championship in North Carolina",https://constructionfront.com/2023-10-25-flatiron-fred-smith-jv-to-deliver-roadway-improvements-in-north-carolina/,News
"Fluor to provide front-end engineering and design services for Swedish Battery Developer Altris AB",https://constructionfront.com/2023-10-30-fluor-to-provide-front-end-engineering-and-design-services-for-swedish-battery-developer-altris-ab/,News
"Design and Construct (D&C) Contracts &#8211; How do they Work?",https://constructionfront.com/design-construct-contract/,"Knowledge Hub, Procurement and Contract Models"
"Sabanci Renewables chooses Bechtel to deliver Oriana Solar Farm Project in Texas",https://constructionfront.com/2023-10-31-sabanci-renewables-chooses-bechtel-to-deliver-oriana-solar-farm-project-in-texas/,News
"Jacobs to advise METRO on Transport Oriented Development Program in Houston",https://constructionfront.com/2023-11-04-jacobs-to-advise-metro-on-transport-oriented-development-program-in-houston/,News
"Bechtel to provide front-end engineering services for Urenco’s uranium processing facility in the UK",https://constructionfront.com/2023-11-08-bechtel-to-provide-front-end-engineering-services-for-urencos-uranium-processing-facility-in-the-uk/,News
"FEED Study (Front-End Engineering Design): Process, Deliverables and Cost",https://constructionfront.com/front-end-engineering-design/,"Knowledge Hub, Project Development"
"EQT infrastructure acquires Statera Energy from Infrared Capital Partners in the UK",https://constructionfront.com/2023-11-09-eqt-infrastructure-acquires-statera-energy-from-infrared-capital-in-the-uk/,News
"Turner-JE Dunn JV to build the new Austin Convention Centre",https://constructionfront.com/2023-11-15-turner-je-dunn-jv-to-build-the-new-austin-convention-centre/,News
"Skanska awarded contract variation of GBP 24M for works on the A428 road in the UK",https://constructionfront.com/2023-16-11-skanska-awarded-contract-variation-of-gbp-24m-for-works-on-the-a428-road-in-the-uk/,"News, Uncategorized"
"South Australia passes hydrogen and renewable energy Bill in Parliament",https://constructionfront.com/2023-11-19-south-australia-passes-hydrogen-and-renewable-energy-bill-in-parliament/,News
"Macquarie Asset Management launches Aula Energy to focus on onshore renewable energy assets",https://constructionfront.com/2023-11-20-macquarie-asset-management-launches-aula-energy-for-to-focus-on-onshore-renewable-energy-assets/,News
"DIF announces acquisition of majority stake in Novar &#8211; Dutch Renewable Energy Developer",https://constructionfront.com/2023-11-21-dif-announces-acquisition-of-majority-stake-in-novar-dutch-renewable-energy-developer/,News
"Balfour Beatty uses innovative digital concrete testing and monitoring system in HS2",https://constructionfront.com/2023-11-24-balfour-beatty-uses-innovative-digital-concrete-testing-and-monitoring-system-in-hs2/,News
"Glass Fiber Reinforced Concrete (GFRC) &#8211; What is it? (Pros and Cons)",https://constructionfront.com/glass-reinforced-concrete/,Engineering
"Skanska selected to deliver a 1.3B SEK (125M USD) road in Trøndelag County, Norway",https://constructionfront.com/2023-11-29-skanka-selected-to-deliver-a-1-3b-sek-125m-usd-road-in-trondelag-county-norway/,"News, Uncategorized"
"New method to verify carbon (CO2) capture in concrete developed by University of Tokyo Researchers",https://constructionfront.com/2023-11-30-researchers-from-the-university-of-tokyo-develop-a-new-method-to-verify-carbon-co2-capture-in-concrete/,News
"Tonaquint, DIF&#8217;s investee, acquires EdgeX Data Centers located in Oklahoma City",https://constructionfront.com/2023-12-02-tonaquint-difs-investee-acquires-edgex-data-centers-located-in-oklahoma-city/,News
"Transgrid awards two major contracts for HumeLink Transmission Line project in Australia",https://constructionfront.com/2023-12-04-transgrid-awards-two-major-contracts-for-humelink-transmission-line-project-in-australia/,News
"Performance Bond: What is it and How it Works? (How to Obtain one?)",https://constructionfront.com/performance-bond/,"Knowledge Hub, Procurement and Contract Models"
"Hochtief awarded a Judiciary Center PPP Contract in Frankfurt (Germany)",https://constructionfront.com/2023-12-07-hochtief-awarded-a-judiciary-center-ppp-contract-in-frankfurt-germany/,News
"VPRA chooses two JVs to delivery Long Bridge-North Package & Franconia-Springfield Bypass Projects",https://constructionfront.com/2023-12-12-vpra-chooses-two-jvs-to-delivery-long-bridge-north-package-franconia-springfield-bypass-projects/,News
"Canberra Light Rail Stage 2A goes ahead &#8211; CIMIC-Led JV to deliver the project",https://constructionfront.com/2023-12-15-canberra-light-rail-stage-2a-goes-ahead-cimic-led-jv-to-deliver-the-project/,News
"Aecon to deliver the 1.5km Elevated Guideway for the Eglinton Crosstown West Light Rail Extension",https://constructionfront.com/2023-12-16-aecon-to-deliver-the-1-5km-elevated-guideway-for-the-eglinton-crosstown-west-light-rail-extension/,News
"Construction Manager at Risk (CMaR): What is it? How it Works?",https://constructionfront.com/construction-manager-at-risk-cmar/,"Knowledge Hub, Procurement and Contract Models"
"Plenary reaches financial close for the Geelong Convention Centre PPP in Australia",https://constructionfront.com/2023-12-20-plenary-reaches-financial-close-for-the-geelong-convention-ppp-in-australia/,News
"Clayco to build Rivian’s new EV manufacturing Plant in Georgia",https://constructionfront.com/2023-12-21-clayco-to-build-rivians-new-ev-manufacturing-plant-in-georgia/,News
"FHWA opens applications for the $9.7 Billion Bridge Investment Program",https://constructionfront.com/2023-12-2023-fhwa-opens-applications-for-the-9-7-billion-bridge-investment-program/,"News, Uncategorized"
"Aecon secures contract to replace Condensers and Feedwater Heaters at North Anna Nuclear Power Station in Virginia",https://constructionfront.com/2023-12-24-aecon-secures-contract-to-replace-condensers-and-feedwater-heaters-at-north-anna-power-station-in-virginia/,News
"Worley appointed as the EPCM Contractor for Iluka Resources&#8217; critical minerals plant in Balranald, NSW (Australia)",https://constructionfront.com/2023-12-26-worley-appointed-as-the-epcm-contractor-for-iluka-resources-critical-mineral-plant-in-balranald-nsw-australia/,News
"Public Private Partnerships (PPPs): What are they? How they Work?",https://constructionfront.com/public-private-partnerships-ppps/,"Knowledge Hub, Procurement and Contract Models"
"AECOM selected as Metrolinx&#8217;s Delivery Partner for Eglinton Crosstown West Extension in Toronto",https://constructionfront.com/2023-12-28-aecom-selected-as-metrolinxs-delivery-partner-for-eglinton-crosstown-west-extension-in-toronto/,News
"Skanska to build the new NOAA Marine Operations Center in Newport &#8211; Rhode Island",https://constructionfront.com/2024-01-02-skanska-to-build-the-new-noaa-marine-operations-center-in-newport-rhode-island/,News
"What is Contract Novation? (Examples and Key Features)",https://constructionfront.com/contract-novation/,"Knowledge Hub, Procurement and Contract Models"
"Vestas awarded contract to deliver 242 wind turbines for SunZia Project in New Mexico, USA",https://constructionfront.com/2024-01-03-vestas-awarded-contract-to-deliver-242-wind-turbines-for-sunzia-project-in-new-mexico-usa/,News
"Nordex secures order to supply 80 Turbines to Renewable Power Capital in Sweden",https://constructionfront.com/2024-01-04-nordex-secures-order-to-supply-80-turbines-to-renewable-power-capital-in-sweden/,News
"Nordex will supply 18 wind turbines (106MW) to Capital Energy for the Mareas wind farm projects in Zaragoza, Spain",https://constructionfront.com/2024-01-05-nordex-will-supply-18-wind-turbines-106mw-to-capital-energy-for-the-mareas-wind-farm-projects-in-zaragoza-spain/,News
"AECOM-led JV to provide planning, environmental, and design services for Vermont Transit Corridor project in LA",https://constructionfront.com/2024-01-09-aecom-led-jv-to-provide-planning-environmental-and-design-services-for-vermont-transit-corridor-project-in-la/,News
"Infranode acquires 49% in two biogas assets from the Danish operator Renegas",https://constructionfront.com/2024-01-10-infranode-acquires-49-in-two-biogas-assets-from-the-danish-operator-renegas/,News
"Vinci Airports extends concession agreement in Dominican Republic for 30 years",https://constructionfront.com/2024-01-11-vinci-airports-extends-concession-agreement-in-dominican-republic-for-30-years/,News
"Balance of Plant (BoP): BOP Contract, Scope and EPC Procurement",https://constructionfront.com/balance-of-plant-bop-contract/,"Knowledge Hub, Procurement and Contract Models"
"CIP reaches FID for 300 MW onshore windfarm in India with Viviid Renewables",https://constructionfront.com/2024-01-14-cip-reaches-fid-for-300-mw-onshore-windfarm-in-india-with-viviid-renewables/,News
"Nordex to deliver 20 wind turbines for Denker & Wulf&#8217;s 3 wind farms in Germany",https://constructionfront.com/2024-01-16-nordex-to-deliver-20-wind-turbines-for-denker-wulf-in-germany/,News
"Aukera BV Secures €450 Million Credit Facility with EIG for Renewable Energy Projects in Europe",https://constructionfront.com/2024-01-16-aukera-bv-secures-450-million-credit-facility-with-eig-for-renewable-energy-projects-in-europe/,News
"CPB-Georgiou JV will be the construction partner for Paradise Dam Wall Replacement Project in Queensland",https://constructionfront.com/2024-01-16-cpb-georgiou-jv-will-be-the-construction-partner-for-paradise-dam-wall-replacement-project-in-queensland/,News
"8 Rivers capital goes ahead with the Cormorant Clean Energy Project in Texas",https://constructionfront.com/2024-01-18-8-rivers-capital-goes-ahead-with-the-cormorant-clean-energy-project-in-texas/,News
"Ørsted makes final investment decision on the Farranrory Onshore Wind Farm in Ireland",https://constructionfront.com/2024-01-18-orsted-makes-final-investment-decision-on-the-farranrory-onshore-wind-farm-in-ireland/,News
"Final Investment Decision (FID) in Construction & Energy Projects",https://constructionfront.com/final-investment-decision-fid/,"Knowledge Hub, Project Development"
"CIP launches Copenhagen Energy Islands (CEI) to focus on energy island projects",https://constructionfront.com/2024-01-20-cip-launches-copenhagen-energy-islands-cei-to-focus-on-energy-island-projects/,News
"We Build-FCC JV to deliver the Pape Tunnel and Underground Stations under a progressive DB contract in Toronto",https://constructionfront.com/2024-01-23-we-build-fcc-jv-to-deliver-the-pape-tunnel-and-underground-stations-under-a-progressive-db-contract-in-toronto/,News
"The JE Dunn-SmithGroup Joint Venture (JV) will be the design-build team EMAPs laboratory in Colorado",https://constructionfront.com/2024-01-23-the-je-dunn-smithgroup-joint-venture-jv-will-be-the-design-build-team-emaps-laboratory-in-colorado/,News
"Laing O’Rourke to deliver new Army Basic Training facilities at Pirbright (UK) as part of the £5.1BN Program",https://constructionfront.com/2024-01-25-laing-orourke-to-deliver-new-army-basic-training-facilities-at-pirbright-uk-as-part-of-the-5-1bn-program/,News
"Turner to build Meta&#8217;s $800M Data Center in Jeffersonville &#8211; Indiana",https://constructionfront.com/2024-01-26-turner-to-build-metas-800m-data-center-in-jeffersonville-indiana/,News
"EPC vs EPCM: Key Differences in Risk, Scope and Contractor Responsibility",https://constructionfront.com/epc-vs-epcm/,"Knowledge Hub, Procurement and Contract Models"
"Tecnicas Reunidas-Sinopec JV secures major EPC contracts with Saudi Aramco in KSA",https://constructionfront.com/2024-01-27-tecnicas-reunidas-sinopec-jv-secures-major-epc-contracts-with-saudi-aramco-in-ksa/,News
"Infranode&#8217;s partner Alight signs a PPA with H&M Group",https://constructionfront.com/2024-01-29-infranodes-partner-alight-signs-a-ppa-with-hm-group/,News
"Origin Energy chooses Fluent to deliver 300 MW / 650 MWh Battery in Australia",https://constructionfront.com/2024-01-30-origin-energy-chooses-fluent-to-deliver-300-mw-650-mwh-battery-in-australia/,News
"Ørsted to Acquire Full Ownership of Sunrise Wind Project from Eversource in New York",https://constructionfront.com/2024-02-01-orsted-to-acquire-full-ownership-of-sunrise-wind-project-from-eversource-in-new-york/,News
"Technip Energies will be the FEED Contractor for the Viking CCS project from Harbour Energy-BP JV",https://constructionfront.com/2024-02-01-technip-energies-will-be-the-feed-contractor-for-the-viking-ccs-project-from-harbour-energy-bp-jv/,News
"QatarEnergy awards over $6 Billion in 4 major EPC Contracts for the offshore Al-Shaheen oil field",https://constructionfront.com/2024-02-04-qatarenergy-awards-over-6-billion-in-4-major-epc-contracts-for-the-offshore-al-shaheen-oil-field/,News
"Flatiron secured two major contracts worth $350 million for storm resiliency projects in Virginia and Texas",https://constructionfront.com/2024-02-05-flatiron-secured-two-major-contracts-worth-350-million-for-storm-resiliency-projects-in-virginia-and-texas/,News
"Mitsubishi-Worley JV secures FEED Contract for Padeswood CCS Project in the UK",https://constructionfront.com/2024-02-07-mitsubishi-worley-jv-secures-feed-contract-for-padeswood-ccs-project-in-the-uk/,News
"Sao Paulo Government announces PPP for Santos-Guarujá Immersed Tunnel in Brazil",https://constructionfront.com/2024-02-07-sao-paulo-government-announces-ppp-for-santos-guaruja-immersed-tunnel-in-brazil/,News
"CPB Contractors selected as the Managing Contractor for Army Aviation program of works in Townsville",https://constructionfront.com/2024-02-10-cpb-contractors-selected-as-the-managing-contractor-for-army-aviation-program-of-works-in-townsville/,News
"What is the Float in a Construction Program? (Who owns it?)",https://constructionfront.com/float-in-construction-program/,"Claims &amp; Contract Administration, Knowledge Hub"
"Tecnimont awarded FEED contract for a green hydrogen and ammonia plant by MadoquaPower2X in Portugal",https://constructionfront.com/2024-02-11-tecnimont-secures-feed-contract-for-a-green-hydrogen-and-ammonia-plant-by-madoquapower2x-in-portugal/,News
"Wood will be the Owner&#8217;s Engineer for Catalina Green Hydrogen Project in Spain",https://constructionfront.com/2024-02-12-wood-will-be-the-owners-engineer-for-catalina-green-hydrogen-project-in-spain/,News
"Aker Solutions secures FEED contract for Celsio’s CCS Terminal in Oslo",https://constructionfront.com/2024-02-13-aker-solutions-secures-feed-contract-for-celsios-ccs-terminal-in-oslo/,News
"Worley awarded FEED contract by ABEL Energy for Bell Bay Powerfuels Project in Tasmania, Australia",https://constructionfront.com/2024-02-15-worley-awarded-feed-contract-by-abel-energy-for-bell-bay-powerfuels-project-in-tasmania-australia/,News
"MW Storage and Fluence partner to deliver 100 MW/ 200 MWh BESS in Germany",https://constructionfront.com/2024-02-16-mw-storage-and-fluence-partner-to-deliver-100-mw-200-mwh-bess-in-germany/,News
"Fluor will be the EPCM Contractor for the World&#8217;s First Renewable Hydrogen-Based Integrated Steel Mill in Sweden",https://constructionfront.com/2024-02-17-fluor-will-be-the-epcm-contractor-for-the-worlds-first-renewable-hydrogen-based-integrated-steel-mill-in-sweden/,News
"Strabag awarded $255m DBF contract to deliver the second underground segment of the Eglinton Crosstown West Extension in Toronto",https://constructionfront.com/2024-02-19-strabag-awarded-255m-dbf-contract-to-deliver-the-second-underground-segment-of-the-eglinton-crosstown-west-extension-in-toronto/,News
"JV led by Turner and Walsh Group to deliver the new Terminal F Concourse at DFW Airport",https://constructionfront.com/2024-02-22-jv-led-by-turner-and-walsh-group-to-deliver-the-new-terminal-f-concourse-at-dfw-airport/,News
"Sao Paulo-Campinas Intercity Train PPP goes ahead for auction in Brazil",https://constructionfront.com/2024-02-24-sao-paulo-campinas-intercity-train-ppp-goes-ahead-for-auction-in-brazil/,News
"Acciona-Jacobs JV to deliver Alkimos Desalination Plant in Western Australia",https://constructionfront.com/2024-02-24-acciona-jacobs-jv-to-deliver-desalination-plant-in-western-australia/,News
"Delays, Disruptions, and Liquidated Damages in Construction Contracts",https://constructionfront.com/delays-disruptions-and-liquidated-damages/,"Claims &amp; Contract Administration, Knowledge Hub"
"Ørsted signs a MoU to establish world-class offshore wind power industry in South Korea",https://constructionfront.com/2024-02-25-orsted-signs-a-mou-to-establish-world-class-offshore-wind-power-industry-in-south-korea/,News
"Acciona-Amico JV secures Elevated Guideway and Stations Contract with Metrolinx in Toronto",https://constructionfront.com/2024-02-25-acciona-amico-jv-secures-elevated-guideway-and-stations-contract-with-metrolinx-in-toronto/,News
"EllisDon-PCL JV sign the Development Phase Agreement for the Ottawa Hospital PPP",https://constructionfront.com/2024-02-27-ellisdon-pcl-jv-sign-the-development-phase-agreement-for-the-ottawa-hospital-ppp/,News
"Santos secures financing for Moomba CCS Project in South Australia",https://constructionfront.com/2024-02-27-santos-secures-financing-for-moomba-ccs-project-in-south-australia/,News
"Sao Paulo-Campinas Intercity Train PPP is auctioned in Brazil for USD 4.5 Billion",https://constructionfront.com/2024-03-02-sao-paulo-campinas-intercity-train-ppp-is-auctioned-in-brazil/,News
"Liquidated Damages in Construction Contracts &#8211; An In-Depth Review",https://constructionfront.com/liquidated-damages-in-construction-contracts/,"Claims &amp; Contract Administration, Knowledge Hub"
"Flatiron secures more than $200 million in road Contracts in Southern California",https://constructionfront.com/2024-03-03-flatiron-secures-more-than-200-million-in-road-contracts-in-southern-california/,News
"Flatiron-Fred Smith JV wins $449.9 million contract for Triangle Expressway Southeast Extension in North Carolina",https://constructionfront.com/2024-03-03-flatiron-fred-smith-jv-wins-449-9-million-contract-for-triangle-expressway-southeast-extension-in-north-carolina/,News
"Bechtel Awards First Contracts for the First Nuclear Plant in Poland",https://constructionfront.com/2024-03-04-bechtel-awards-first-contracts-for-the-first-nuclear-plant-in-poland/,News
"Aecon-Pormeleau JV secures contract to design in-water works for Montréal Port Authority",https://constructionfront.com/2024-03-06-aecon-pormeleau-jv-secures-contract-to-design-in-water-works-for-montreal-port-authority/,News
"AECOM to support Amtrak on the $1.5 billion Susquehanna River Rail Bridge Project in Maryland",https://constructionfront.com/2024-03-09-aecom-to-support-amtrak-on-the-1-5-billion-susquehanna-river-rail-bridge-project-in-maryland/,News
"DIF raises EUR 6.8 billion for two new infrastructure funds (DIF VII and CIF III)",https://constructionfront.com/2024-03-12-dif-raises-eur-6-8-billion-for-two-new-infrastructure-funds-dif-vii-and-cif-iii/,News
"Fluor JV Awarded Contract for Hanford Site Integrated Tank Disposition by DOE",https://constructionfront.com/2024-03-14-fluor-jv-awarded-contract-for-hanford-integrated-tank-disposition-by-doe/,News
"Vestas Secures Order for 319 MW Cimarron Wind Farm in Tecate &#8211; Mexico",https://constructionfront.com/2024-03-20-vestas-secures-order-for-319-mw-cimarron-wind-farm-in-tecate-mexico/,News
"JERA and ExxonMobil Partner to Develop Low-Carbon Hydrogen and Ammonia Production Project",https://constructionfront.com/2024-03-26-jera-and-exxonmobil-partner-to-develop-low-carbon-hydrogen-and-ammonia-production-project/,News
"DIF Capital Partners enters in Exclusive Talks to Acquire TDF Fiber Business",https://constructionfront.com/2024-04-22-dif-capital-partners-enters-in-exclusive-talks-to-acquire-tdf-fiber-business/,News
"Balfour Beatty to Construct Scotland’s First Net Zero Prison",https://constructionfront.com/2024-04-25-balfour-beatty-to-construct-scotlands-first-net-zero-prison/,News
"Lane Construction Awarded $110 Million Contract for I-64 Hampton Roads Express Lanes (HREL) Project in Virginia",https://constructionfront.com/2024-04-30-lane-construction-awarded-110-million-contract-for-i-64-hampton-roads-express-lanes-hrel-project-in-virginia/,News
"Buildots Secures $15M Investment from Intel Capital",https://constructionfront.com/2024-07-22-buildots-secures-15m-investment-from-intel-capital/,News
"Fluor Signs Phase 2 FEED Contract with RoPower Nuclear",https://constructionfront.com/2024-08-05-fluor-signs-phase-2-feed-contract-with-ropower-nuclear/,News
"AECOM-Led Joint Venture to Modernize Amtrak’s Northeast Corridor",https://constructionfront.com/2025-01-02-aecom-led-joint-venture-to-modernize-amtraks-northeast-corridor/,News
"Google Partners with CIP for 250MW Wind Power PPA in the Netherlands",https://constructionfront.com/2025-01-04-google-partners-with-cip-for-250mw-wind-power-ppa-in-the-netherlands/,News
"Thiess Wins US$330 Million Kapuas Bara Utama Mining Contract in Indonesia",https://constructionfront.com/2025-01-08-thiess-wins-us330-million-kapuas-bara-utama-mining-contract-in-indonesia/,News
"Copenhagen Infrastructure Partners (CIP) reaches FID for two 500MW BESS in Scotland",https://constructionfront.com/2025-01-12-copenhagen-infrastructure-partners-cip-reaches-fid-for-two-500mw-bess-in-scotland/,News
"Aker receives final NTP for Norfolk Vanguard West and East",https://constructionfront.com/2025-01-16-aker-receives-final-ntp-for-norfolk-vanguard-west-and-east/,News
"Flatiron and Dragados North America Merge Successfully Complete",https://constructionfront.com/2025-01-20-flatiron-and-dragados-north-america-merge-successfully-complete/,News
"ACCIONA Secures D&C Contract for Lumsden Point Development in Western Australia",https://constructionfront.com/2025-01-22-acciona-secures-dampc-contract-for-lumsden-point-development-in-western-australia/,News
"UGL Secures Contract for Clean Energy Infrastructure in Western Australia",https://constructionfront.com/2025-01-27-ugl-secures-contract-for-clean-energy-infrastructure-in-western-australia/,News
"Sojitz Corporation Enters Agreement to Acquire Capella Capital",https://constructionfront.com/2025-02-02-sojitz-corporation-enters-agreement-to-acquire-capella-capital/,News
"Request for Proposals (RFP) Issued for Ontario Science Centre Relocation",https://constructionfront.com/2025-02-02-request-for-proposals-issued-for-ontario-science-centre-relocation/,News
"Power Purchase Agreement (PPA): What It Is and How It Works in Construction",https://constructionfront.com/power-purchase-agreement-ppa/,"Knowledge Hub, Procurement and Contract Models"
"HOCHTIEF to Build High-Tech University Facility in Bavaria",https://constructionfront.com/2025-02-09-hochtief-to-build-high-tech-university-facility-in-bavaria/,News
"Copenhagen Infrastructure Partners (CIP) Begins Construction on 240 MW / 960 MWh Battery Energy Storage System in Australia",https://constructionfront.com/2025-02-09-copenhagen-infrastructure-partners-cip-begins-construction-on-240-mw-960-mwh-battery-energy-storage-system-in-australia/,News
"Parsons Expands Environmental Remediation Capabilities with TRS Group Acquisition",https://constructionfront.com/2025-02-09-parsons-expands-environmental-remediation-capabilities-with-trs-group-acquisition/,News
"ACCIONA-Ferrovial JV Complete Highway Construction in Northern Peru",https://constructionfront.com/2025-02-16-acciona-ferrovial-jv-complete-highway-construction-in-northern-peru/,News
"Aker Solutions Secures Contract for BalWin 1 Offshore Wind Project",https://constructionfront.com/2025-02-16-aker-solutions-secures-contract-for-balwin-1-offshore-wind-project/,News
"São Paulo and Brazilian Federal Government Formalize Agreement for Santos-Guarujá Tunnel Project",https://constructionfront.com/2025-02-17-sao-paulo-and-brazilian-federal-government-formalize-agreement-for-santos-guaruja-tunnel-project/,News
"Jacobs Appointed as Program Manager and Owner&#8217;s Engineer for Xcel Energy&#8217;s Billionaire Capital Program",https://constructionfront.com/2025-02-19-jacobs-appointed-program-manager-and-owners-engineer-for-xcel-energy/,News
"Perth Airport Selects Bechtel for Major Expansion Project",https://constructionfront.com/2025-02-22-perth-airport-selects-bechtel-for-major-expansion-project/,News
"ADQ Completes Strategic Investment in Plenary Group",https://constructionfront.com/2025-02-25-adq-completes-strategic-investment-in-plenary-group/,News
"Copenhagen Infrastructure Partners Acquires Full Ownership of Morecambe Offshore Wind Project in the UK",https://constructionfront.com/2025-02-27-copenhagen-infrastructure-partners-acquires-full-ownership-of-morecambe-offshore-wind-project-in-the-uk/,News
"Notice to Proceed (NTP) in Construction: Meaning, Types and Contract Use",https://constructionfront.com/notice-to-proceed/,"Knowledge Hub, Procurement and Contract Models"
"Abertis Expands Presence in France with Acquisition of A-63 Toll Road",https://constructionfront.com/2025-03-05-abertis-expands-presence-in-france-with-acquisition-of-a-63-toll-road/,News
"Saipem and Divento Partner for Floating Wind Projects in Italy",https://constructionfront.com/2025-03-06-saipem-and-divento-partner-for-floating-wind-projects-in-italy/,News
"Gode Wind 3 Offshore Wind Farm Begins Commercial Operation",https://constructionfront.com/2025-03-09-gode-wind-3-offshore-wind-farm-begins-commercial-operation/,News
"What is a Demurrage Claim?",https://constructionfront.com/what-is-a-demurrage-claim/,"Claims &amp; Contract Administration, Knowledge Hub"
"Canadian Solar Secures Key BESS Agreements with Aypa Power in the US",https://constructionfront.com/2025-03-11-canadian-solar-secures-key-bess-agreements-with-aypa-power-in-the-us/,News
"Siemens Energy Secures $1.6 Billion Project for Rumah 2 and Nairyah 2 Power Plants in KSA",https://constructionfront.com/2025-03-14-siemens-energy-secures-1-6-billion-project-for-rumah-2-and-nairyah-2-power-plants-in-saudi-arabia/,News
"Notice of Delay: What is it? How to Draft one?",https://constructionfront.com/notice-of-delay/,"Claims &amp; Contract Administration, Knowledge Hub"
"Técnicas Reunidas to Lead Engineering for La Robla Green Methanol Project",https://constructionfront.com/2025-03-16-tecnicas-reunidas-to-lead-engineering-for-la-robla-green-methanol-projec/,News
"Verdagy awards FEED Contract for Black & Veatch for Clean Hydrogen Plant in Texas",https://constructionfront.com/2025-03-19-verdagy-awards-feed-contract-for-black-amp-veatch-for-clean-hydrogen-plant-in-texas/,News
"CIP Secures Funding for Murchison Green Hydrogen Project in Australia",https://constructionfront.com/2025-03-23-cip-secures-funding-for-murchison-green-hydrogen-project-in-australia/,News
"GE Vernova to Equip Two RWE Wind Farms in Texas with Over 100 Turbines",https://constructionfront.com/2025-03-28-ge-vernova-to-equip-two-rwe-wind-farms-in-texas-with-over-100-turbines/,News
"Siemens Gamesa Transfers Majority Stake in Indian Wind Business to TPG in Strategic Partnership",https://constructionfront.com/2025-03-31-siemens-gamesa-transfers-majority-stake-in-indian-wind-business-to-tpg-in-strategic-partnership/,News
"Aker Solutions Secures EPC Contract for Northern Lights Phase 2 CCS Project in Norway",https://constructionfront.com/2025-04-03-aker-solutions-secures-contract-for-northern-lights-phase-2-carbon-storage-project-in-norway/,News
"Saipem Receives Full NTP from Stockholm Exergi for BECCS project in Sweden",https://constructionfront.com/2025-04-03-saipem-receives-full-ntp-from-stockholm-exergi-for-beccs-project-in-sweden/,News
"Central-West Orana PPP Reaches Financial Close for the Australia&#8217;s First Renewable Zone",https://constructionfront.com/2025-04-06-central-west-orana-ppp-reaches-financial-close-for-the-australias-first-renewable-close/,News
"What is the Difference Between Commercial Close and Financial Close?",https://constructionfront.com/commercial-close-vs-financial-close/,"Knowledge Hub, Project Development"
"Hochtief and Implenia JV Secure New Ostbahnhof Tunnel Contract with Deutsche Bahn",https://constructionfront.com/2025-04-09-hochtief-and-implenia-jv-secure-new-ostbahnhof-tunnel-contract-with-deutsche-bahn/,News
"Technip Energies to Deliver Blue Point, World&#8217;s Largest Low-Carbon Ammonia Facility in Louisiana",https://constructionfront.com/2025-04-13-technip-energies-to-deliver-blue-point-worlds-largest-low-carbon-ammonia-facility-in-louisiana/,News
"SLEC Issues Notice to Proceed to Gemma Power Systems for 1.2 GW Gas Plant in Texas",https://constructionfront.com/2025-04-13-slec-issues-notice-to-proceed-to-gemma-power-systems-for-1-2-gw-gas-plant-in-texas/,News
"Technip secures FEED contract for Australia’s First Alcohol-to-Jet SAF Plant with Jet Zero’s Project Ulysses",https://constructionfront.com/2025-04-18-technip-secures-feed-contract-for-australias-first-alcohol-to-jet-saf-plant-with-jet-zeros-project-ulysses/,News
"CVC DIF Acquires 49% Stake in BALANCE, the Biogas Subsidiary of Germany’s VNG AG",https://constructionfront.com/2025-04-18-cvc-dif-acquires-49-stake-in-balance-the-biogas-subsidiary-of-vng-ag-in-germany/,News
"Logan and Gold Coast Faster Rail Major Contract awarded to Acciona-CPB-UGL JV",https://constructionfront.com/2025-04-19-logan-and-gold-coast-faster-rail-major-contract-awarded-to-acciona-cpb-ugl-jv/,News
"Prolongation Costs and Claims in Construction Contracts",https://constructionfront.com/prolongation-costs/,"Claims &amp; Contract Administration, Knowledge Hub"
"ACCIONA and Eiffage to Deliver Madrid&#8217;s New Formula 1 Urban Circuit",https://constructionfront.com/2025-04-21-acciona-and-eiffage-to-deliver-madrids-new-formula-1-urban-circuit/,News
"ACCIONA acquires Machu Picchu Transmission Line Concession in South Peru",https://constructionfront.com/2025-04-25-acciona-secures-machu-picchu-transmission-line-concession-project-in-perus-south/,News
"CVC DIF&#8217;s Ottoway Expands UK Presence with Acquisition of Two Student Accommodation Assets",https://constructionfront.com/2025-04-27-cvc-difs-ottoway-expands-uk-presence-with-acquisition-of-two-student-accommodation-assets/,News
"SLB-Sener-ACCIONA JV Awarded FEED Contract for AEB Amsterdam’s Aurora Carbon Capture Project",https://constructionfront.com/2025-04-27-slb-sener-acciona-jv-awarded-feed-contract-for-aeb-amsterdams-aurora-carbon-capture-project/,News
"Woodside reaches Final Investment Decision for Louisiana LNG Development",https://constructionfront.com/2025-05-03-woodside-reaches-final-investment-decision-for-louisiana-lng-development/,News
"Eichleay Formula: What is it? How to use?",https://constructionfront.com/eichleay-formula/,"Claims &amp; Contract Administration, Knowledge Hub"
"Eni Reaches Financial Close for Liverpool Bay CCS Project and Awards Major Contract to Saipem",https://constructionfront.com/2025-05-04-eni-reaches-financial-close-for-liverpool-bay-ccs-project-and-awards-major-contract-to-saipem/,News
"Ghella-Acciona-CPB JV kick off major construction works on Suburban Rail Loop in Melbourne",https://constructionfront.com/2025-05-07-ghella-acciona-cpb-jv-kick-off-major-construction-works-on-suburban-rail-loop-in-melbourne/,News
"Kiewit and Quanta Awarded $1.7B Contract to Build Grain Belt Express, the Largest Transmission Line in U.S.",https://constructionfront.com/2025-05-08kiewit-and-quanta-awarded-1-7b-contract-to-build-grain-belt-express-the-largest-transmission-line-in-u-s/,News
"GE Vernova Hitachi’s BWRX-300 small modular reactor approved for construction for Darlington New Nuclear Project in Ontario",https://constructionfront.com/2025-05-10-ge-vernova-hitachis-bwrx-300-small-modular-reactor-approved-for-construction-for-darlington-new-nuclear-project-in-ontario/,News
"Aecon-Kiewit JV awarded Alliance Contract for the Darlington New Nuclear Project Construction",https://constructionfront.com/2025-05-11-aecon-kiewit-jv-awarded-alliance-contract-for-the-darlington-new-nuclear-project-construction/,News
"Aypa Power Reaches Financial Close on $535 Million for California Hybrid Solar and Storage Project",https://constructionfront.com/2025-05-14-aypa-power-reaches-financial-close-on-535-million-for-california-hybrid-solar-and-storage-project/,News
"ACCIONA Reaches Financial Close for Casablanca Desalination Plant PPP",https://constructionfront.com/2025-05-14-acciona-reaches-financial-close-for-casablanca-desalination-plant-ppp/,News
"Bechtel Appointed as Delivery Partner for King Salman International Airport Expansion in Riyadh",https://constructionfront.com/2025-05-15-bechtel-appointed-as-delivery-partner-for-king-salman-international-airport-expansion/,News
"Port of Vancouver Confirms Procurement Process for Roberts Bank Terminal 2 Construction",https://constructionfront.com/2025-05-19-port-of-vancouver-confirms-procurement-process-for-roberts-bank-terminal-2-construction/,News
"Siemens Energy to Supply Synchronous Condensers for CWO REZ Project in Australia",https://constructionfront.com/2025-05-25-siemens-energy-to-supply-synchronous-condensers-for-cwo-rez-project-in-australia/,News
"Bechtel receives Full NTP for Mammoth Solar facility in Indiana",https://constructionfront.com/2025-05-25-bechtel-receives-full-ntp-for-mammoth-solar-facility-in-indiana/,News
"ABB Launches Battery Energy Storage Systems-as-a-Service (BESSaaS)",https://constructionfront.com/2025-05-26-abb-launches-battery-energy-storage-systems-as-a-service-bessaas/,News
"DIF-Backed Diverso Energy and Mattamy Homes Announce Strategic Geothermal Partnership",https://constructionfront.com/2025-05-31-dif-backed-diverso-energy-and-mattamy-homes-announce-strategic-geothermal-partnership/,News
"GE Vernova to Supply Gas Turbines to Técnicas Reunidas–Orascom JV for 3GW Qurayyah IPP Expansion",https://constructionfront.com/2025-05-31-ge-vernova-to-supply-gas-turbines-to-tecnicas-reunidasorascom-jv-for-3gw-qurayyah-ipp-expansion/,News
"Integrated Project Delivery (IPD): What is it?",https://constructionfront.com/integrated-project-delivery-ipd/,"Knowledge Hub, Procurement and Contract Models"
"CIP and PensionDanmark Launch Plexar Energy to Accelerate Industrial Microgrid Deployment",https://constructionfront.com/2025-06-01-cip-and-pensiondanmark-launch-plexar-energy-to-accelerate-industrial-microgrid-deployment/,News
"ANDRITZ–GE Vernova JV to Deliver Synchronous Condensers at Bakersfield Substation in West Texas",https://constructionfront.com/2025-06-04-andritz-ge-vernova-jv-to-deliver-synchronous-condensers-at-bakersfield-substation-in-west-texas/,News
"Murphy Secures Contract to deliver UK&#8217;s largest Substation at Uxbridge Moor",https://constructionfront.com/2025-06-07-murphy-secures-contract-to-deliver-uks-largest-substation-at-uxbridge-moor/,News
"AECOM Hunt-Turner JV Appointed as Construction Manager for Kay Bailey Hutchison Convention Center Expansion in Dallas",https://constructionfront.com/2025-06-07-aecom-hunt-turner-jv-appointed-as-construction-manager-for-kay-bailey-hutchison-convention-center-expansion/,News
"ADNOC Gas reaches FID for Rich Gas Development Project and Awards $5 Billion in Construction Contracts",https://constructionfront.com/2025-06-15-adnoc-gas-reaches-fid-for-rich-gas-development-project-and-awards-5-billion-in-contracts/,News
"Infrastructure Ontario Advances QEW Skyway Twinning Project with Flatiron-Dragados JV as Development Partner",https://constructionfront.com/2025-06-15-infrastructure-ontario-advances-qew-skyway-twinning-project-with-flatiron-dragados-jv-as-development-partner/,News
"FlatironDragados JV Partners with FDOT on $933M I-95/SW 10th Street Improvements in Broward County",https://constructionfront.com/2025-06-16-flatirondragados-jv-partners-with-fdot-on-933m-i-95-sw-10th-street-improvements-in-broward-county/,News
"Genus Wins $65 Million Contract for Merredin BESS and Substation in WA",https://constructionfront.com/2025-06-16-genus-wins-65-million-contract-for-merredin-bess-and-substation-in-wa/,News
"ANDRITZ Awarded Contract for Large-Scale CCS Plant in Aarhus, Denmark",https://constructionfront.com/2025-06-18-andritz-awarded-contract-for-large-scale-ccs-plant-in-aarhus-denmark/,News
"Vår Energi Reaches FID for Balder Phase VI Project on Norwegian Continental Shelf",https://constructionfront.com/2025-06-22-var-energi-reaches-fid-for-balder-phase-vi-project-on-norwegian-continental-shelf/,News
"Saipem awarded FEED Contract with Sonatrach for Algerian Phosphate Project",https://constructionfront.com/2025-06-24-saipem-awarded-feed-contract-with-sonatrach-for-algerian-phosphate-project/,News
"Three Consortia Shortlisted for Northland Expressway PPP in New Zealand",https://constructionfront.com/2025-06-24-three-consortia-shortlisted-for-northland-expressway-ppp-in-new-zealand/,News
"Cheniere Reaches FID for Corpus Christi Midscale LNG Expansion and Issues Notice to Proceed to Bechtel",https://constructionfront.com/2025-06-25-cheniere-reaches-fid-for-corpus-christi-midscale-lng-expansion-and-issues-notice-to-proceed-to-bechtel/,News
"GenusPlus Secures $105 Million Contract from Alinta Energy for Reeves Plains BESS Project in South Australia",https://constructionfront.com/2025-07-01-genusplus-secures-105-million-contract-from-alinta-energy-for-reeves-plains-bess-project-in-south-australia/,News
"Balfour Beatty-led JV signs Alliance Agreement to deliver Civil Works for Sizewell C Nuclear Plant",https://constructionfront.com/2025-07-02-balfour-beatty-led-jv-signs-alliance-agreement-to-deliver-civil-works-for-sizewell-c-nuclear-plant/,News
"Hochtief-BESIX Led JV Secures €1.2 Billion Road PPP Contract for ViA15 Project in the Netherlands",https://constructionfront.com/2025-07-06-hochtief-besix-led-jv-secures-1-2-billion-via15-ppp-contract-in-the-netherlands/,News
"Skanska-FlatironDragados JV Awarded $1 Billion Contract for Long Bridge North Project",https://constructionfront.com/2025-07-10-skanska-flatirondragados-jv-awarded-1-billion-contract-for-long-bridge-north-project/,News
"Port of Vancouver Launches Procurement for $1 B Roberts Bank Terminal 2 Wharf Project",https://constructionfront.com/2025-07-13-port-of-vancouver-launches-procurement-for-1-b-roberts-bank-terminal-2-wharf-project/,News
"Parsons Appointed Project Management Consultant for Dubai Metro Blue Line",https://constructionfront.com/2025-07-15-parsons-appointed-project-management-consultant-for-dubai-metro-blue-line/,News
"Oklo Selects Kiewit as Lead Constructor for First Aurora Powerhouse at Idaho National Laboratory",https://constructionfront.com/2025-07-19-oklo-selects-kiewit-as-lead-constructor-for-first-aurora-powerhouse-at-idaho-national-laboratory/,News
"Turner-Wohlsen JV to Deliver CoreWeave’s Multi-Billion Dollar AI Data Center Campus in Pennsylvania",https://constructionfront.com/2025-07-23-turner-wohlsen-jv-to-deliver-coreweaves-multi-billion-dollar-ai-data-center-campus-in-pennsylvania/,News
"Saipem and Subsea7 to Merge, Forming Global Offshore Leader “Saipem7”",https://constructionfront.com/2025-07-27-saipem-and-subsea7-to-merge-forming-global-offshore-leader-saipem7/,News
"Air Liquide Takes FID on €200 MW &#8220;ELYgator&#8221; Renewable Hydrogen Plant at Maasvlakte, Port of Rotterdam",https://constructionfront.com/2025-07-30-air-liquide-takes-fid-on-200-mw-elygator-renewable-hydrogen-plant-at-maasvlakte-port-of-rotterdam/,News
"EnergyCo Closes EOI Phase for New England REZ PPP with Strong Market Interest in Australia",https://constructionfront.com/2025-07-30-energyco-closes-eoi-phase-for-new-england-rez-ppp-with-strong-market-interest-in-australia/,News
"Fluor Joint Venture Secures FEED Contract for Second Phase of LNG Canada Project in British Columbia",https://constructionfront.com/2025-08-03-fluor-joint-venture-secures-feed-contract-for-second-phase-of-lng-canada-project-in-british-columbia/,News
"Technip Energies Awarded Major EPC Contract for Commonwealth LNG Export Facility in Louisiana",https://constructionfront.com/2025-08-06-technip-energies-awarded-major-epc-contract-for-commonwealth-lng-export-facility-in-louisiana/,News
"Infrastructure Ontario Awards $1.4B PPP Contract for Yonge North Subway Extension Advance Tunnelling",https://constructionfront.com/2025-08-11-infrastructure-ontario-awards-1-4b-ppp-contract-for-yonge-north-subway-extension-advance-tunnelling/,News
"Acciona–ACS Infra JV Reaches Financial Close on $11 Billion SR 400 Express Lanes Project",https://constructionfront.com/2025-08-12-accionaacs-infra-jv-reaches-financial-close-on-11-billion-sr-400-express-lanes-project/,News
"LA Metro Chooses FlatironDragados for Two Significant Rail Projects Worth $900 Million",https://constructionfront.com/2025-09-01-la-metro-chooses-flatirondragados-for-two-significant-rail-projects-worth-900-million/,News
"CVC DIF to Acquire Gabriela Hybrid Solar-Battery Storage Project in Northern Chile",https://constructionfront.com/2025-09-06-cvc-dif-to-acquire-gabriela-hybrid-solar-battery-storage-project-in-northern-chile/,News
"RWE and Apollo Global Management Form Strategic Joint Venture for German Grid Expansion",https://constructionfront.com/2025-09-08-rwe-and-apollo-global-management-form-strategic-joint-venture-for-german-grid-expansion/,News
"Saipem Wins EPCI Contract for Sakarya Gas Field Phase 3 Offshore Development",https://constructionfront.com/2025-09-11-saipem-wins-epci-contract-for-sakarya-gas-field-phase-3-offshore-development/,News
"Curtailment in Energy & Renewables: Definition, Causes and Risk",https://constructionfront.com/curtailment-renewable-energy/,"Knowledge Hub"
"Iberdrola and Selex Sign PPA for 1,250 GWh of Renewable Electricity in Italy",https://constructionfront.com/2025-09-14-iberdrola-and-selex-sign-ppa-for-1250-gwh-of-renewable-electricity-in-italy/,News
"Genus to Deliver 100MW/200MWh Wagerup BESS for Alinta Energy in Western Australia",https://constructionfront.com/2025-09-20-genusplus-to-deliver-100mw-200mwh-wagerup-bess-for-alinta-energy-in-western-australia/,News
"Hyundai E&C to Deliver ‘K-Housing’ in New Zealand via Early Contractor Involvement (ECI) Contract",https://constructionfront.com/2025-09-24-hyundai-ec-to-deliver-k-housing-in-new-zealand-via-early-contractor-involvement-eci-contract/,News
"STRABAG and Siemens Energy Begin Construction of OMV’s 140 MW Green Hydrogen Plant in Austria",https://constructionfront.com/2025-10-01-strabag-and-siemens-energy-begin-construction-of-omvs-140-mw-green-hydrogen-plant-in-austria/,News
"Ark Energy Appoints Elecnor as ECI Contractor for Richmond Valley Solar & BESS Project",https://constructionfront.com/2025-10-01-ark-energy-appoints-elecnor-as-eci-contractor-for-richmond-valley-solar-bess-project/,News
"Aecon-Pomerleau JV Reaches Financial Close on $609M Montreal Port Expansion In-Water Works",https://constructionfront.com/2025-10-12-aecon-pomerleau-jv-reaches-financial-close-on-609m-montreal-port-expansion-in-water-works/,News
"Saipem Secures $600 M Offshore Contract Package for Shah Deniz Compression Project in Azerbaijan",https://constructionfront.com/2025-10-20-saipem-secures-600-m-offshore-contract-package-for-shah-deniz-compression-project-in-azerbaijan/,News
"Infrastructure Ontario issues RFQ for Stations, Rail & Systems Contract on Yonge North Subway Extension",https://constructionfront.com/2025-10-21-infrastructure-ontario-issues-rfq-for-stations-rail-systems-contract-on-yonge-north-subway-extension/,News
"Copenhagen Infrastructure Partners Acquires First UK Biogas Plant as Entry to British Bio-Energy Market",https://constructionfront.com/2025-11-04-copenhagen-infrastructure-partners-acquires-first-uk-biogas-plant-as-entry-to-british-bio-energy-market/,News
"Iberdrola Named Development Partner for Major VNI West Transmission Project in Australia",https://constructionfront.com/2025-11-16-iberdrola-named-development-partner-for-major-vni-west-transmission-project-in-australia/,News
"Skanska JV Secures USD 534M Vincent Thomas Bridge Deck Replacement Contract",https://constructionfront.com/2026-04-08-skanska-jv-wins-534m-caltrans-contract-for-vincent-thomas-bridge-deck-replacement-in-los-angeles/,News
"GIICA Shortlists Two Bidders for the new Brisbane Stadium Under ECI Contract Model",https://constructionfront.com/2026-04-10-giica-shortlists-two-bidders-for-brisbane-stadium-under-eci-contract-model/,News
"Lane Wins $582 Million Contract for Florida’s Moving I-4 Forward Project 2",https://constructionfront.com/2026-04-10-lane-wins-582-million-contract-for-floridas-moving-i-4-forward-project-2/,News
"Fluor secures FEL contract for Nuclear Project in Texas with X‑Energy",https://constructionfront.com/2026-04-12-fluor-secures-fel-contract-for-nuclear-project-in-texas-with-xenergy/,News
"What Is an RFI in Construction? Why It Matters Under Construction Contracts",https://constructionfront.com/rfi-construction/,"Claims &amp; Contract Administration, Knowledge Hub"
Newsletter,https://constructionfront.com/newsletter/,
"New Era secures $290 million Macquarie facility for Texas critical data center campus",https://constructionfront.com/2026-04-14-new-era-secures-290-million-macquarie-facility-for-texas-critical-data-center-campus/,News
"What Is Project Financing? Structure, Risk Allocation, and Why It Matters in Construction",https://constructionfront.com/project-financing/,"Knowledge Hub, Project Development"
"When Does an RFI Become a Variation? A Practical Construction Contract Guide",https://constructionfront.com/when-does-an-rfi-become-a-variation/,"Claims &amp; Contract Administration, Knowledge Hub"
What Is Concurrent Delay in Construction?,https://constructionfront.com/concurrent-delay/,"Claims &amp; Contract Administration, Knowledge Hub"
"HOCHTIEF consortium secures next construction phase of Prague Metro Line D",https://constructionfront.com/2026-04-16-hochtief-consortium-secures-next-construction-phase-of-prague-metro-line-d/,News
"Contract Administration and Construction Claims Explained",https://constructionfront.com/construction-claims-and-contract-administration/,"Claims &amp; Contract Administration, Knowledge Hub"
"Neoen launches France’s largest battery project in Vernou-la-Celle-sur-Seine as grid-scale storage grows in Europe",https://constructionfront.com/2026-04-19-neoen-launches-frances-largest-battery-project-in-vernou-la-celle-sur-seine-as-grid-scale-storage-grows-in-europe/,News
"What Is Progressive Design-Build? How It Works and When to Use It",https://constructionfront.com/progressive-design-build/,"Knowledge Hub, Procurement and Contract Models"
"What Is a Guaranteed Maximum Price (GMP) in Construction? (And How It Works?)",https://constructionfront.com/guaranteed-maximum-price/,"Knowledge Hub, Procurement and Contract Models"
"Technip Energies receives substantial authorization to advance Commonwealth LNG ahead of FID",https://constructionfront.com/2026-04-20-technip-energies-receives-substantial-authorization-to-advance-commonwealth-lng-ahead-of-fid/,News
"GMP vs Lump Sum in Construction: What’s the Difference?",https://constructionfront.com/gmp-vs-lump-sum/,"Knowledge Hub, Procurement and Contract Models"
"CIP commences construction on 1,500 MWh Patache BESS project in Chile",https://constructionfront.com/cip-commences-construction-on-1500-mwh-patache-bess-project-in-chile/,News
"How Two Stage Tendering Works? (And When to Use it)",https://constructionfront.com/two-stage-tendering/,"Knowledge Hub, Procurement and Contract Models"
"Williams kicks off construction on NESE Project in the U.S. Northeast",https://constructionfront.com/2026-04-21-williams-breaks-ground-on-nese-project-to-expand-transco-capacity-in-the-u-s-northeast/,News
"Heelstone reaches financial close and starts construction on Alligator Creek and Murch solar projects in the U.S.",https://constructionfront.com/2026-04-22-heelstone-reaches-financial-close-and-starts-construction-on-alligator-creek-and-murch-solar-projects-in-the-u-s/,News
"How a Pre-Construction Services Contract (PCSA) Works (And When to Use It)?",https://constructionfront.com/pre-construction-services-contract/,"Knowledge Hub, Procurement and Contract Models"
"Variation Order Template",https://constructionfront.com/variation-order-template/,
"DataBank secures $2 billion financing for Red Oak data centres in Dallas",https://constructionfront.com/2026-04-23-databank-secures-2-billion-financing-for-red-oak-data-centres-in-dallas/,News
"Construction Variation & Claims Management Toolkit",https://constructionfront.com/variation-toolkit-access/,
"GenusPlus awarded EPC contract for Koolunga BESS in South Australia",https://constructionfront.com/2026-04-24-genusplus-awarded-epc-contract-for-koolunga-bess-in-south-australia/,News
"Payment Confirmation",https://constructionfront.com/payment-confirmation/,
"Payment Failed",https://constructionfront.com/payment-failed/,
"How to Write a Variation Order: Template, Key Clauses, and Common Mistakes",https://constructionfront.com/how-to-write-a-variation-order/,"Claims &amp; Contract Administration, Knowledge Hub"
"Contractor Variation Request Process: Step-by-Step Guide to Preserving Entitlement",https://constructionfront.com/contractor-variation-request-process/,"Claims &amp; Contract Administration, Knowledge Hub"
"Clough Awarded €116 Million D&C Contract for AGL&#8217;s Kwinana Gas Power Generation 2 Project in Western Australia",https://constructionfront.com/clough-awarded-e116-million-design-and-construct-contract-for-agls-kwinana-gas-power-generation-2-project-in-western-australia/,News
"TotalEnergies Takes FID for 1 GW Mirny Wind and BESS Project in Kazakhstan",https://constructionfront.com/2026-04-27-totalenergies-takes-fid-for-1-gw-mirny-wind-and-bess-project-in-kazakhstan/,News
"Six Consortia shortlisted for Poland&#8217;s First High-Speed Rail (Warsaw-Lodz Line)",https://constructionfront.com/2026-04-28-six-consortia-shortlisted-for-polands-first-high-speed-rail-warsaw-lodz-line/,News
"Construction Change Directive (CCD): What It Is, Contractor Rights, Process, and Entitlement Protection",https://constructionfront.com/construction-change-directive/,"Claims &amp; Contract Administration, Knowledge Hub"
"Bechtel and TerraPower Begin Construction on Natrium Kemmerer Unit 1 Nuclear Power Plant in Wyoming",https://constructionfront.com/2026-04-29-bechtel-and-terrapower-begin-construction-on-natrium-kemmerer-unit-1-in-wyoming/,News
"Time Impact Analysis (TIA) in Construction: What It Is, How It Works, and When to Use It",https://constructionfront.com/time-impact-analysis/,"Claims &amp; Contract Administration, Knowledge Hub"
"As-Planned vs As-Built Analysis in Construction: How the Method Works and When to Use It",https://constructionfront.com/as-planned-vs-as-built-analysis/,"Claims &amp; Contract Administration, Knowledge Hub"
"ACCIONA and BRK sign PPP sanitation concession for 153 municipalities in Pernambuco, Brazil",https://constructionfront.com/2026-01-05-acciona-and-brk-sign-ppp-sanitation-concession-for-153-municipalities-in-pernambuco-brazil/,News
"Impacted As Planned Analysis: What It Is, How It Works, and When It Fails in Construction Claims",https://constructionfront.com/impacted-as-planned-analysis/,"Claims &amp; Contract Administration, Knowledge Hub"
"Change Order in Construction: Meaning, Process, Pricing, Types, and Common Risks",https://constructionfront.com/change-order-in-construction/,"Claims &amp; Contract Administration, Knowledge Hub"
"GE Vernova secures order to modernize Banha and Nubaria Gas power plants in Egypt",https://constructionfront.com/2026-05-03-ge-vernova-secures-order-to-modernize-banha-and-nubaria-gas-power-plants-in-egypt/,News
"Aecon-led alliance selected for Hamilton LRT civil and utilities works in Ontario",https://constructionfront.com/2026-05-04-aecon-led-alliance-selected-for-hamilton-lrt-civil-and-utilities-works-in-ontario/,News
"Traylor-Walsh-Skanska JV wins $1.29 billion Hudson Tunnel river section contract in New York and New Jersey",https://constructionfront.com/traylor-walsh-skanska-jv-wins-1-29-billion-hudson-tunnel-river-section-contract-in-new-york-and-new-jersey/,News
"How to Write a Change Order in Construction: Step-by-Step Guide with Template",https://constructionfront.com/how-to-write-a-change-order-in-construction/,"Claims &amp; Contract Administration, Knowledge Hub"
"NEC4 Compensation Events: How to Notify Them, Protect Entitlement, and Common Commercial Risks",https://constructionfront.com/nec4-compensation-events/,"Claims &amp; Contract Administration, Knowledge Hub"
"STRABAG consortium wins €177 million D35 motorway contract in the Czech Republic",https://constructionfront.com/2026-05-07-strabag-consortium-wins-177-million-d35-motorway-contract-in-the-czech-republic/,News
"Construction Notice & Records Starter Kit",https://constructionfront.com/construction-notice-records-starter-kit/,
"Skanska wins $1.06 billion design-build contract for MBTA’s North Station Draw One project in Massachusetts",https://constructionfront.com/2026-05-07-skanska-wins-1-06-billion-design-build-contract-for-mbtas-north-station-draw-one-project-in-massachusetts/,News
"Free Variation Starter Download",https://constructionfront.com/free-variation-starter-download/,
"Download Your Construction Notices & Records Starter Kit",https://constructionfront.com/cnr-kit-access-2026/,
"Variation Toolkit Download",https://constructionfront.com/variation-toolkit-download-after-payment-2026/,
"Feronord Consortium Selected for €1.2 Billion OL32 Skavsta Rail Contract in Sweden",https://constructionfront.com/2026-05-11-feronord-consortium-selected-for-1-2-billion-ol32-skavsta-rail-contract-in-sweden/,News
"TasNetworks Reaches Financial Close for A$1.3 Billion North West Transmission Developments in Australia",https://constructionfront.com/2026-05-12-tasnetworks-reaches-financial-close-for-a1-3-billion-north-west-transmission-developments-in-australia/,News
"FIDIC Variation Explained: Engineer’s Role, Right to Vary, and How Contractors Protect Entitlement",https://constructionfront.com/fidic-variation/,"Claims &amp; Contract Administration, Knowledge Hub"
"Yindjibarndi Energy Reaches Financial Close on 75MW Jinbi Solar Project in Western Australia",https://constructionfront.com/2026-05-12-yindjibarndi-energy-reaches-financial-close-on-75mw-jinbi-solar-project-in-western-australia/,News
"CPS Energy and Ashtrom Break Ground on 150MW El Patrimonio Solar Project in Texas",https://constructionfront.com/2026-05-13-cps-energy-and-ashtrom-break-ground-on-150mw-el-patrimonio-solar-project-in-texas/,News
"Ferrovial-Webber JV Selected by TxDOT for $1.47 Billion SH 99 Grand Parkway Segment B-1 Project in Texas",https://constructionfront.com/2026-05-14-ferrovial-webber-99-jv-selected-by-txdot-for-1-47-billion-sh-99-grand-parkway-segment-b-1-project-in-texas/,News
"Jacobs Awarded EPCM Contract for Hut 8’s 1GW Beacon Point AI Data Center Campus in Texas",https://constructionfront.com/2026-05-14-jacobs-awarded-epcm-contract-for-hut-8-1gw-beacon-point-ai-data-center-campus-in-texas/,News
"Construction Change Management: How Scope Changes Escalate Into Claims",https://constructionfront.com/construction-change-management/,"Claims &amp; Contract Administration, Knowledge Hub"
"Taylor Woodrow-Aureos Rail JV Wins £856 Million HS2 Depot and Control Centre Contract in Birmingham",https://constructionfront.com/2026-05-14-taylor-woodrow-aureos-rail-jv-wins-856-million-hs2-depot-and-control-centre-contract-in-birmingham/,News
"Construction Change Order Example: Format, Wording, and Entitlement Risks",https://constructionfront.com/construction-change-order-example/,"Claims &amp; Contract Administration, Knowledge Hub"
"Caturus Reaches FID, Closes $9.75bn Financing and Issues NTP to Technip Energies for Commonwealth LNG in Louisiana",https://constructionfront.com/2026-05-16-caturus-reaches-fid-closes-9-75bn-financing-and-issues-ntp-to-technip-energies-for-commonwealth-lng-in-louisiana/,News
"Sunraycer Closes $901 Million Financing for Eagle Springs and Lupinus Solar-Storage Projects in Texas",https://constructionfront.com/2026-05-16-sunraycer-closes-901-million-financing-for-eagle-springs-and-lupinus-solar-storage-projects-in-texas/,News
"TKF Awarded Inter-Array Cable Contract for 1GW Zeevonk Offshore Wind Project in the Netherlands",https://constructionfront.com/2026-05-16-tkf-awarded-inter-array-cable-contract-for-1gw-zeevonk-offshore-wind-project-in-the-netherlands/,News
"Turnkey Meaning: EPC, LSTK and Turnkey Contracts Explained",https://constructionfront.com/turnkey-project/,"Knowledge Hub, Procurement and Contract Models"
"DESRI and Meta Sign 850MW Renewable PPA Portfolio Across Oklahoma, Texas and Mississippi",https://constructionfront.com/2026-05-17-desri-and-meta-sign-850mw-renewable-ppa-portfolio-across-oklahoma-texas-and-mississippi/,News
"Construction Contract Types and Procurement Methods: Choosing the Right Delivery Model",https://constructionfront.com/construction-contract-types/,"Knowledge Hub, Procurement and Contract Models"
"Metro Vancouver and Acciona Settle North Shore Wastewater Treatment Plant Claims for $235 Million",https://constructionfront.com/2026-05-17-metro-vancouver-and-acciona-settle-north-shore-wastewater-treatment-plant-claims-for-235-million/,News
"BC Hydro Awards Four 30-Year Electricity Purchase Agreements for 1,158MW of Wind Projects in British Columbia",https://constructionfront.com/2026-05-20-bc-hydro-awards-four-30-year-electricity-purchase-agreements-for-1158mw-of-wind-projects-in-british-columbia/,News
"FlatironDragados Advances to Construction Phase of $518M Virginia Beach Resiliency Project",https://constructionfront.com/2026-05-20-flatirondragados-advances-to-construction-phase-of-518m-virginia-beach-resiliency-project/,News
"ACCIONA Awarded €724M Sanitation PPP for 85 Municipalities in Paraíba, Brazil",https://constructionfront.com/2026-05-20-acciona-awarded-724m-sanitation-ppp-for-85-municipalities-in-paraiba-brazil/,News
briefing-thank-you,https://constructionfront.com/briefing-thank-you/,
"Edify Reaches Financial Close on 720MWp Smoky Creek and Guthrie&#8217;s Gap Solar-Battery Projects in Queensland",https://constructionfront.com/2026-05-20-edify-reaches-financial-close-on-720mwp-smoky-creek-and-guthries-gap-solar-battery-projects-in-queensland/,News
"Avangrid and Puget Sound Energy Sign PPA for 199.5MW Big Horn I Wind Project Upgrade in Washington",https://constructionfront.com/2026-05-21-avangrid-and-puget-sound-energy-sign-ppa-for-199-5mw-big-horn-i-wind-project-upgrade-in-washington/,News
"Antora and POET Commission 5GWh Project Big Stone Thermal Battery in South Dakota",https://constructionfront.com/2026-05-21-antora-and-poet-commission-5gwh-project-big-stone-thermal-battery-in-south-dakota/,News
"Design-Bid-Build: Process, Contract and Risks Explained",https://constructionfront.com/design-bid-build/,"Knowledge Hub, Procurement and Contract Models"
"Hitachi Energy to Support Akaysha Energy’s 155MW Ulinda Park BESS Under 20-Year Service Agreement in Queensland",https://constructionfront.com/2026-05-21-hitachi-energy-to-support-akaysha-energys-155mw-ulinda-park-bess-under-20-year-service-agreement-in-queensland/,News
"Thrive AECOM-Aurecon JV Appointed Five-Year Planning Partner for Greater Western Water Infrastructure Program",https://constructionfront.com/2026-05-22-thrive-aecom-aurecon-jv-appointed-five-year-planning-partner-for-greater-western-water-infrastructure-program/,News
"DOE Issues Presidential Permit for Basin Electric&#8217;s 650MW U.S.-Canada Transmission Expansion",https://constructionfront.com/2026-05-25-doe-issues-presidential-permit-for-basin-electrics-650mw-us-canada-transmission-expansion/,News
"HOCHTIEF Begins Construction of YEXIO Data Center at FunkenbergQuartier in Herne, Germany",https://constructionfront.com/2026-05-25-hochtief-begins-construction-of-yexio-data-center-at-funkenbergquartier-in-herne-germany/,News
"Fortescue Starts Construction on 690MW Turner River Solar Farm and 650MWh Cloudbreak BESS in Western Australia",https://constructionfront.com/2026-05-25-fortescue-starts-construction-on-690mw-turner-river-solar-farm-and-650mwh-cloudbreak-bess-in-western-australia/,News
"Unit Price Contracts in Construction: How They Work and Where Risks Sit",https://constructionfront.com/unit-price-contract/,"Knowledge Hub, Procurement and Contract Models"
"LS Power Breaks Ground on $2 Billion Power the Bay Transmission Projects in California",https://constructionfront.com/2026-05-26-ls-power-breaks-ground-on-2-billion-power-the-bay-transmission-projects-in-california/,News
"Smackover Lithium Awards EPCC Contract to S&B for 22,500tpa South West Arkansas Lithium Project Ahead of FID",https://constructionfront.com/2026-05-27-smackover-lithium-awards-epcc-contract-to-sb-for-22500tpa-south-west-arkansas-lithium-project-ahead-of-fid/,News
"AtkinsRealis Appointed to EDF and Sizewell C Professional Services Framework Across UK Nuclear Portfolio",https://constructionfront.com/2026-05-27-atkinsrealis-appointed-to-edf-and-sizewell-c-professional-services-framework-across-uk-nuclear-portfolio/,News
"MetroLink Launches EUR 7.3 Billion M500 PPP for Trains, Stations and 25-Year Operations in Dublin",https://constructionfront.com/2026-05-28-metrolink-launches-eur-7-3-billion-m500-ppp-for-trains-stations-and-25-year-operations-in-dublin/,News
"Cheniere Partners Signs $4.69 Billion EPC Contract with Bechtel and Issues LNTP for Sabine Pass Train 7",https://constructionfront.com/2026-05-29-cheniere-partners-signs-4-69-billion-epc-contract-with-bechtel-and-issues-lntp-for-sabine-pass-train-7/,News
"ACE Power’s 620MW Morwell BESS Receives Victorian Planning Permit Approval",https://constructionfront.com/2026-05-30-victorian-minister-approves-planning-permit-for-ace-powers-620mw-morwell-battery-in-victoria/,News
"TotalEnergies Files Authorization for 1.5GW Centre Manche Offshore Wind Project in France",https://constructionfront.com/2026-06-01-totalenergies-files-authorization-for-1-5gw-centre-manche-offshore-wind-project-in-france/,News
"The Wave Stage 1 Rail Contracts Awarded in Queensland",https://constructionfront.com/2026-06-01-beerwah-coast-connect-and-coastaltrax-awarded-the-wave-stage-1-rail-contracts-in-queensland/,News
"Skanska-Traylor-Walsh JV Awarded $1.02B Second Avenue Subway Phase II Contract in New York",https://constructionfront.com/2026-06-02-skanska-traylor-walsh-jv-awarded-1-02b-second-avenue-subway-phase-ii-contract-in-new-york/,News
